,City,Country,Lat,Long,Max Temp,Humidity,Cloudiness,Wind Speed,Date
0,Rikitea,PF,-23.12,-134.97,21.27,79,0,8.73,1595796109
1,Hikari,JP,33.95,131.95,24.0,94,75,4.1,1595796109
2,Mataura,NZ,-46.19,168.86,3.89,83,0,1.34,1595796110
3,Finnsnes,NO,69.23,17.98,16.0,63,20,8.7,1595796110
4,Port Elizabeth,ZA,-33.92,25.57,13.0,87,62,3.1,1595796110
5,Tezu,IN,27.92,96.17,24.71,76,74,1.03,1595796110
6,Cap Malheureux,MU,-19.98,57.61,21.11,71,100,4.02,1595795771
7,Saint-Philippe,RE,-21.36,55.77,19.0,77,71,2.6,1595796110
8,Narsaq,GL,60.92,-46.05,12.0,66,75,3.1,1595795940
9,Vanavara,RU,60.34,102.28,13.54,83,100,2.74,1595795781
10,Gevrai,IN,19.27,75.75,25.73,78,45,5.78,1595796110
11,Vaini,TO,-21.2,-175.2,21.0,88,75,3.6,1595796111
12,Nānākuli,US,21.39,-158.15,29.0,66,75,4.6,1595796111
13,Hudiksvall,SE,61.73,17.1,16.67,73,6,4.43,1595796111
14,Bambous Virieux,MU,-20.34,57.76,21.11,73,75,8.2,1595795776
15,Waddān,LY,29.16,16.14,27.91,31,0,5.21,1595796111
16,Bandarbeyla,SO,9.49,50.81,25.6,79,0,10.82,1595796111
17,Puerto Carreño,CO,6.19,-67.49,32.0,52,40,3.1,1595796111
18,Cayenne,GF,4.93,-52.33,26.0,83,84,1.5,1595795786
19,Cherskiy,RU,68.75,161.3,25.04,36,9,6.66,1595796112
20,Itarema,BR,-2.92,-39.92,26.15,70,41,6.02,1595796112
21,Sa Kaeo,TH,13.81,102.07,24.29,92,85,0.82,1595796112
22,Carnarvon,AU,-24.87,113.63,12.0,100,0,3.1,1595796112
23,Andreapol',RU,56.65,32.27,14.6,83,100,1.88,1595796112
24,Hobart,AU,-42.88,147.33,7.22,87,90,5.1,1595796019
25,Cidreira,BR,-30.18,-50.21,13.91,81,100,6.18,1595795775
26,Bintulu,MY,3.17,113.03,25.0,100,40,1.0,1595796113
27,Lompoc,US,34.64,-120.46,21.67,68,9,7.2,1595795764
28,Albany,US,42.6,-73.97,33.33,32,21,4.35,1595795944
29,Mar del Plata,AR,-38.0,-57.56,11.11,76,100,6.2,1595796113
30,Ancud,CL,-41.87,-73.82,8.89,65,40,5.1,1595795784
31,Abay,KZ,49.63,72.85,11.0,93,2,2.0,1595796113
32,Ponta do Sol,PT,32.67,-17.1,21.0,73,20,6.7,1595796113
33,Marabba,SD,12.35,32.18,27.05,69,44,7.09,1595796113
34,Kapaa,US,22.08,-159.32,27.78,88,90,8.2,1595795996
35,Haines Junction,CA,60.75,-137.51,14.62,54,35,6.96,1595796113
36,Airai,TL,-8.93,125.41,11.91,83,73,1.88,1595796114
37,Lebu,CL,-37.62,-73.65,10.74,80,100,4.56,1595796114
38,Puerto Ayora,EC,-0.74,-90.35,26.0,57,20,10.8,1595796114
39,São José da Coroa Grande,BR,-8.9,-35.15,24.04,80,77,5.98,1595796101
40,Marawi,PH,8.0,124.29,24.44,91,49,0.89,1595796114
41,Karratha,AU,-20.74,116.85,17.71,30,65,6.0,1595795772
42,Punta Arenas,CL,-53.15,-70.92,4.0,64,20,7.2,1595796115
43,Hilo,US,19.73,-155.09,30.0,62,75,2.6,1595796115
44,Adré,TD,13.47,22.2,25.26,73,78,4.42,1595796115
45,Nālūt,LY,30.33,10.85,29.53,21,0,6.96,1595796115
46,San Andrés,CO,12.58,-81.7,26.0,88,40,4.1,1595796115
47,Mahibadhoo,MV,3.78,72.97,28.07,68,99,2.67,1595795781
48,Arraial do Cabo,BR,-22.97,-42.03,25.0,73,40,3.1,1595795954
49,Khatanga,RU,71.97,102.5,4.27,85,100,4.23,1595795773
50,Kieta,PG,-6.22,155.63,26.87,76,98,2.94,1595796116
51,Bathsheba,BB,13.22,-59.52,31.0,62,40,7.7,1595796116
52,Nelson Bay,AU,-32.72,152.15,13.33,100,90,10.3,1595795765
53,Arroyo de la Encomienda,ES,41.61,-4.8,30.0,23,0,1.86,1595796116
54,Qaanaaq,GL,77.48,-69.36,8.57,53,0,2.94,1595796116
55,Linqiong,CN,30.42,103.46,23.0,69,0,0.76,1595796116
56,Todos Santos,MX,23.45,-110.22,23.89,81,3,1.79,1595796116
57,Tasiilaq,GL,65.61,-37.64,8.0,75,94,4.1,1595796116
58,Margate,GB,51.38,1.39,18.33,78,100,0.89,1595796116
59,Acapulco de Juárez,MX,16.86,-99.89,32.0,62,75,3.1,1595796117
60,Vardø,NO,70.37,31.11,13.0,87,23,7.2,1595795798
61,Pailón,BO,-17.65,-62.75,23.0,53,75,4.6,1595796117
62,Saint Paul Harbor,US,57.79,-152.41,17.0,59,40,4.1,1595796056
63,Alofi,NU,-19.06,-169.92,22.0,94,75,4.6,1595796117
64,Tiksi,RU,71.69,128.87,2.83,94,100,5.7,1595795790
65,Dikson,RU,73.51,80.55,3.42,92,100,6.76,1595796117
66,Arrondissement de Gap,FR,44.67,6.0,19.44,58,0,0.89,1595796118
67,Moussoro,TD,13.64,16.49,29.69,61,6,4.67,1595796118
68,Vila Franca do Campo,PT,37.72,-25.43,22.0,88,40,4.1,1595796118
69,Ilām,NP,26.92,87.92,20.15,92,88,0.64,1595796118
70,Ushuaia,AR,-54.8,-68.3,1.0,95,75,10.3,1595796118
71,Busselton,AU,-33.65,115.33,16.67,80,52,7.41,1595796118
72,Vestmanna,FO,62.16,-7.17,11.0,76,100,4.6,1595796118
73,Hiji,JP,33.37,131.53,22.22,90,100,1.36,1595796118
74,Faanui,PF,-16.48,-151.75,26.05,81,53,7.3,1595796118
75,Chulym,RU,55.1,80.96,11.64,88,71,0.67,1595796119
76,Olafsvik,IS,64.89,-23.71,9.73,72,87,4.35,1595796119
77,Port Lincoln,AU,-34.73,135.87,12.45,88,27,3.58,1595795787
78,Ribeira Grande,PT,38.52,-28.7,24.0,88,75,3.1,1595796119
79,Bredasdorp,ZA,-34.53,20.04,8.0,75,19,3.1,1595796119
80,Husavik,IS,66.04,-17.34,9.0,70,40,5.7,1595796119
81,Sovetskiy,RU,61.36,63.58,13.24,86,53,2.45,1595796119
82,Eureka,US,40.8,-124.16,16.11,72,90,2.1,1595795719
83,Oildale,US,35.42,-119.02,36.11,24,1,4.1,1595796119
84,Broome,US,42.25,-75.83,30.56,39,1,4.1,1595796119
85,Pisco,PE,-13.7,-76.22,18.0,72,40,4.6,1595795792
86,Port Blair,IN,11.67,92.75,27.8,76,100,0.59,1595795830
87,Bowling Green,US,36.99,-86.44,29.0,74,40,2.19,1595796098
88,Pleshanovo,RU,52.83,53.48,13.12,89,0,2.26,1595796120
89,Tuktoyaktuk,CA,69.45,-133.04,18.0,68,40,4.6,1595796120
90,Yellowknife,CA,62.46,-114.35,22.0,40,20,3.6,1595796120
91,Barrow,US,71.29,-156.79,7.0,87,90,6.7,1595796120
92,Beringovskiy,RU,63.05,179.32,18.03,67,46,2.19,1595795789
93,Kavaratti,IN,10.57,72.64,27.51,81,51,5.06,1595796121
94,Muisne,EC,0.6,-80.03,27.0,83,75,4.1,1595796121
95,Lüderitz,NA,-26.65,15.16,22.0,43,0,4.1,1595796121
96,Hermanus,ZA,-34.42,19.23,10.0,81,15,6.03,1595796121
97,Upernavik,GL,72.79,-56.15,7.21,86,92,2.0,1595796121
98,Kununurra,AU,-15.77,128.73,16.0,35,14,2.6,1595796121
99,Jamestown,US,42.1,-79.24,29.44,57,20,3.6,1595796121
100,Nikolskoye,RU,59.7,30.79,14.0,71,0,1.0,1595796121
101,Bengkulu,ID,-3.8,102.27,23.77,85,78,1.96,1595796122
102,Butaritari,KI,3.07,172.79,28.65,74,1,6.4,1595796122
103,Atuona,PF,-9.8,-139.03,26.66,74,3,10.98,1595796122
104,Constitución,CL,-35.33,-72.42,12.47,83,100,1.09,1595796122
105,Namtsy,RU,62.72,129.67,12.0,87,78,1.0,1595796122
106,East London,ZA,-33.02,27.91,15.98,67,89,6.56,1595796122
107,Brownsville,US,25.9,-97.5,29.0,89,90,7.2,1595796123
108,Tura,IN,25.52,90.22,24.56,91,92,1.15,1595796123
109,Coahuayana Viejo,MX,18.73,-103.68,27.0,74,75,3.13,1595795763
110,Half Moon Bay,US,37.46,-122.43,22.22,72,5,5.1,1595796124
111,Ulaangom,MN,49.98,92.07,15.6,64,20,0.55,1595795762
112,Vanimo,PG,-2.67,141.3,25.2,82,100,2.25,1595796124
113,Minot,US,48.23,-101.3,27.0,34,1,6.2,1595796124
114,Taoudenni,ML,22.68,-3.98,40.08,9,5,6.33,1595796124
115,Tual,ID,-5.67,132.75,26.17,84,88,10.99,1595796124
116,Guhāgar,IN,17.48,73.19,26.5,84,36,3.0,1595796124
117,Diego de Almagro,CL,-26.37,-70.05,23.07,20,0,3.13,1595796124
118,New Norfolk,AU,-42.78,147.06,7.22,87,100,1.09,1595796124
119,Cabo San Lucas,MX,22.89,-109.91,30.56,66,5,5.1,1595796068
120,Springbok,ZA,-29.66,17.89,10.75,51,0,3.17,1595796125
121,Dingle,PH,11.0,122.67,24.45,87,13,1.14,1595796125
122,Kavieng,PG,-2.57,150.8,27.85,77,100,3.32,1595796125
123,Los Llanos de Aridane,ES,28.66,-17.92,23.0,73,20,6.7,1595796125
124,Kalianget,ID,-7.05,113.93,25.12,76,82,4.75,1595796125
125,Narsīpatnam,IN,17.67,82.62,28.0,94,40,1.0,1595796125
126,Mocuba,MZ,-16.84,36.99,15.56,96,2,0.93,1595796125
127,Bluff,NZ,-46.6,168.33,3.89,83,0,1.34,1595796126
128,Balkanabat,TM,39.51,54.37,33.85,31,0,2.19,1595796126
129,Torbay,CA,47.67,-52.73,14.44,93,90,7.2,1595796126
130,Fort Royal,MQ,14.61,-61.07,31.0,66,40,7.7,1595796126
131,Cape Town,ZA,-33.93,18.42,12.78,66,20,8.7,1595795993
132,Bethel,US,41.37,-73.41,32.22,43,1,4.6,1595796126
133,Pevek,RU,69.7,170.31,12.71,66,85,5.8,1595796126
134,Whitehorse,CA,60.72,-135.05,16.67,63,75,7.7,1595796042
135,Esperance,AU,-33.87,121.9,11.26,82,86,7.27,1595796126
136,Katsuura,JP,35.13,140.3,26.0,88,75,6.2,1595795794
137,Troitsko-Pechorsk,RU,62.71,56.2,17.46,60,77,1.51,1595796127
138,Mīrābād,AF,30.44,61.84,31.22,21,0,6.79,1595796127
139,Bāfq,IR,31.61,55.41,30.68,15,0,1.52,1595796127
140,Saint-Augustin,CA,51.23,-58.65,16.78,82,33,5.53,1595796127
141,Fare,PF,-16.7,-151.02,26.4,79,61,7.27,1595795781
142,George Town,MY,5.41,100.34,26.0,94,40,1.5,1595795576
143,Vostok,RU,46.49,135.88,15.22,88,0,1.21,1595796127
144,Tuensang,IN,26.28,94.83,21.31,83,100,0.72,1595796128
145,Camacha,PT,33.08,-16.33,21.0,73,75,5.1,1595795778
146,Hithadhoo,MV,-0.6,73.08,28.17,67,96,3.37,1595795771
147,Lakatoro,VU,-16.1,167.42,26.0,78,75,2.6,1595796128
148,Russell,US,32.35,-85.2,32.0,83,20,3.6,1595796128
149,Port Alfred,ZA,-33.59,26.89,13.81,71,46,5.38,1595796128
150,Pangkalanbuun,ID,-2.68,111.62,22.37,93,74,1.04,1595796128
151,Gigmoto,PH,13.78,124.39,26.85,80,61,0.94,1595796128
152,Ambilobe,MG,-13.2,49.05,19.8,83,100,1.03,1595796129
153,Simbakoro,SL,8.6,-11.02,20.33,98,100,1.53,1595796129
154,North Adams,US,42.7,-73.11,31.0,35,1,6.2,1595796129
155,Mehamn,NO,71.04,27.85,20.0,49,0,3.6,1595796129
156,Kangaatsiaq,GL,68.31,-53.46,6.82,94,100,7.48,1595796129
157,Provideniya,RU,64.38,-173.3,9.0,81,100,5.0,1595796129
158,Aswān,EG,24.09,32.91,34.91,12,0,6.92,1595796129
159,Isangel,VU,-19.55,169.27,23.66,80,47,7.36,1595795763
160,Niamey,NE,13.51,2.11,27.0,78,40,3.98,1595796130
161,Hobyo,SO,5.35,48.53,25.56,75,23,9.97,1595796130
162,Goderich,CA,43.75,-81.72,32.78,77,98,2.68,1595795766
163,Gladstone,AU,-23.85,151.25,13.0,71,0,2.6,1595796130
164,Souillac,MU,-20.52,57.52,21.0,73,75,8.2,1595796130
165,Palmer,US,42.16,-72.33,33.0,36,75,7.2,1595795769
166,Nokha,IN,27.6,73.42,32.25,54,3,5.94,1595796130
167,Mahébourg,MU,-20.41,57.7,21.0,73,75,8.2,1595796130
168,Shingū,JP,33.73,135.98,23.25,93,100,1.38,1595796130
169,Qaqortoq,GL,60.72,-46.03,12.0,66,75,3.1,1595796131
170,Antofagasta,CL,-23.65,-70.4,15.0,67,20,4.1,1595795798
171,Castro,BR,-24.79,-50.01,15.68,80,96,1.45,1595796131
172,Hamilton,US,39.18,-84.53,35.0,46,1,3.1,1595796131
173,Vidim,RU,56.41,103.11,11.94,92,100,0.72,1595796131
174,Dumai,ID,1.68,101.45,23.6,95,100,1.28,1595796131
175,Grand Gaube,MU,-20.01,57.66,21.11,71,100,4.02,1595795767
176,Rockingham,US,42.97,-71.1,32.78,39,0,0.89,1595796131
177,Malindi,KE,-3.22,40.12,24.62,79,52,8.02,1595796131
178,Riachão das Neves,BR,-11.75,-44.91,25.57,41,0,1.98,1595796132
179,Mana,GF,5.66,-53.78,27.58,78,12,4.2,1595796132
180,Ulaanbaatar,MN,47.91,106.88,13.0,87,20,1.0,1595796132
181,Kafanchan,NG,9.58,8.3,20.77,96,91,0.38,1595796132
182,Aklavik,CA,68.22,-135.01,20.0,60,75,3.6,1595796132
183,Kaitangata,NZ,-46.28,169.85,3.89,85,0,0.89,1595796132
184,Sitka,US,57.05,-135.33,14.0,82,75,3.6,1595796133
185,Tynda,RU,55.17,124.72,16.13,93,100,1.33,1595796133
186,Boa Vista,BR,2.82,-60.67,32.0,55,40,3.6,1595795866
187,Chui,UY,-33.7,-53.46,9.49,84,100,2.7,1595796133
188,Saint-François,FR,46.42,3.91,21.0,60,25,1.5,1595795793
189,Kolosovka,RU,56.47,73.61,10.47,85,22,2.21,1595796134
190,Vila Velha,BR,-20.33,-40.29,25.0,83,25,2.6,1595795762
191,Clyde River,CA,70.47,-68.59,9.0,76,1,4.1,1595796134
192,Kiryat Gat,IL,31.61,34.76,27.78,77,6,0.45,1595796134
193,Klaksvík,FO,62.23,-6.59,11.0,76,100,4.6,1595796134
194,Vestmannaeyjar,IS,63.44,-20.27,11.64,85,100,0.98,1595796134
195,Cap-aux-Meules,CA,47.38,-61.86,20.0,88,40,2.6,1595796134
196,Naryan-Mar,RU,67.67,53.09,13.82,87,54,3.67,1595796135
197,Matam,SN,15.62,-13.33,35.27,39,23,1.85,1595796135
198,Coquimbo,CL,-29.95,-71.34,17.0,55,55,5.1,1595796135
199,Chamba,IN,32.57,76.13,22.88,70,40,0.86,1595796135
200,Havre-St-Pierre,CA,50.23,-63.6,24.0,53,40,4.1,1595796135
201,Chokurdakh,RU,70.63,147.92,7.14,78,98,6.1,1595796135
202,Albion,US,42.24,-84.75,32.0,52,75,4.1,1595796135
203,Saskylakh,RU,71.92,114.08,3.13,94,100,8.7,1595796136
204,Polunochnoye,RU,60.87,60.42,13.9,82,84,1.42,1595796136
205,Forsytheganj,BY,52.63,29.73,17.83,93,93,2.48,1595796136
206,Esmeraldas,BR,-19.76,-44.31,24.0,53,40,4.6,1595796136
207,Santa Marta,CO,11.24,-74.2,30.0,74,75,4.6,1595796052
208,La Unión,PE,-5.4,-80.75,26.41,45,90,7.7,1595796136
209,Yangi Marg`ilon,UZ,40.43,71.72,24.0,57,90,2.1,1595796136
210,Norman Wells,CA,65.28,-126.83,23.0,40,75,5.1,1595795720
211,Codrington,AU,-38.27,141.97,11.51,86,86,8.13,1595795775
212,Geraldton,AU,-28.77,114.6,12.0,81,0,6.2,1595796137
213,Guerrero Negro,MX,27.98,-114.06,26.87,49,0,7.87,1595796137
214,Lubaczów,PL,50.16,23.12,20.0,79,17,0.82,1595796137
215,Paamiut,GL,61.99,-49.67,8.34,88,18,0.87,1595795641
216,Fortuna,US,40.6,-124.16,16.67,82,15,1.34,1595796137
217,Kot Samaba,PK,28.55,70.47,35.69,40,46,6.52,1595796137
218,Hong Kong,HK,22.29,114.16,30.0,74,40,3.6,1595796001
219,Kutum,SD,14.2,24.67,22.27,65,84,9.94,1595796137
220,Ninotsminda,GE,41.26,43.59,20.0,68,0,1.62,1595796137
221,Jiuquan,CN,39.74,98.52,22.37,22,26,4.3,1595795771
222,Quiindy,PY,-25.97,-57.27,16.29,60,89,1.65,1595796138
223,Acaraú,BR,-2.89,-40.12,26.37,68,16,6.54,1595796138
224,Bisira,PA,8.52,-81.71,17.14,100,100,0.61,1595796138
225,Kruisfontein,ZA,-34.0,24.73,11.67,86,51,0.45,1595796138
226,Ostrovnoy,RU,68.05,39.51,14.46,79,86,1.86,1595795787
227,Grindavik,IS,63.84,-22.43,11.0,81,75,6.2,1595796138
228,Iskateley,RU,67.68,53.15,13.75,87,52,3.65,1595796138
229,Goma,CD,-1.68,29.22,18.0,63,20,6.2,1595796138
230,Martapura,ID,-3.42,114.85,25.0,88,90,1.0,1595796138
231,Polyarny,RU,69.2,33.45,14.0,87,8,3.0,1595796139
232,Zyryanka,RU,65.75,150.85,21.54,71,100,3.11,1595795796
233,Villach,AT,46.61,13.86,21.0,73,75,1.0,1595796139
234,Cuiluan,CN,47.72,128.65,19.64,89,80,0.89,1595796139
235,Gillette,US,44.29,-105.5,29.0,37,1,4.6,1595795862
236,Muros,ES,42.78,-9.06,22.22,64,0,3.1,1595796139
237,Tromsø,NO,69.65,18.96,15.0,67,7,13.9,1595796139
238,Camocim,BR,-2.9,-40.84,27.82,58,0,5.51,1595796139
239,Leningradskiy,RU,69.38,178.42,17.96,54,58,4.66,1595796139
240,Lagoa,PT,39.05,-27.98,22.49,92,66,5.03,1595796139
241,Burnie,AU,-41.07,145.92,7.78,86,100,2.13,1595796140
242,Srandakan,ID,-7.94,110.25,21.61,89,11,2.8,1595796140
243,Anloga,GH,5.79,0.9,24.0,88,20,5.1,1595796140
244,Aldan,RU,58.6,125.39,16.79,79,96,2.04,1595796140
245,Asău,RO,46.43,26.4,17.78,83,100,1.45,1595796140
246,Makokou,GA,0.57,12.86,21.63,92,95,2.27,1595796140
247,Ketchikan,US,55.34,-131.65,14.0,100,90,6.2,1595795797
248,Taman',RU,45.21,36.72,25.0,83,40,4.0,1595796140
249,Suoyarvi,RU,62.08,32.35,11.66,93,0,0.82,1595796141
250,Severo-Yeniseyskiy,RU,60.37,93.04,7.74,96,0,0.42,1595796141
251,Alberdi,AR,-32.89,-60.69,19.0,24,0,8.2,1595796141
252,La Ronge,CA,55.1,-105.28,22.0,53,75,7.7,1595795797
253,Touros,BR,-5.2,-35.46,26.0,78,75,4.1,1595796141
254,Visnes,NO,59.36,5.22,15.0,82,31,5.1,1595796141
255,Jega,NG,12.22,4.38,27.99,70,1,5.09,1595796141
256,Aykhal,RU,66.0,111.5,2.92,85,44,4.22,1595796142
257,Caravelas,BR,-17.71,-39.25,21.98,83,5,2.54,1595796142
258,Kemijärvi,FI,66.71,27.43,11.58,93,4,2.05,1595796142
259,‘Āhuimanu,US,21.44,-157.84,27.0,74,90,8.7,1595796142
260,Tarauacá,BR,-8.16,-70.77,27.71,61,12,1.91,1595796142
261,Raudeberg,NO,61.99,5.14,15.0,93,75,7.7,1595796142
262,Shelburne,CA,44.08,-80.2,33.0,46,20,7.2,1595796142
263,Akalkot,IN,17.53,76.22,24.32,83,24,5.23,1595796142
264,Settimo Torinese,IT,45.14,7.77,26.11,69,26,2.1,1595796143
265,Paredon,MX,16.03,-93.87,29.74,69,52,2.46,1595796143
266,Tilichiki,RU,60.47,166.1,16.66,56,0,2.31,1595795795
267,Hollins,US,37.34,-79.94,31.67,65,75,5.7,1595796143
268,Poum,NC,-20.23,164.02,22.84,81,0,8.63,1595795795
269,College,US,64.86,-147.8,18.33,68,75,2.6,1595796143
270,Tres Arroyos,AR,-38.37,-60.28,11.14,59,95,5.47,1595796143
271,Tamra,IL,32.85,35.2,27.78,85,0,0.45,1595796143
272,Laguna,US,38.42,-121.42,33.89,31,0,1.34,1595796143
273,Lázaro Cárdenas,MX,17.96,-102.2,30.76,60,32,4.04,1595796143
274,Derzhavīnsk,KZ,51.1,66.32,16.34,86,14,2.22,1595796143
275,Santa Fe,AR,-31.63,-60.7,18.33,32,0,2.24,1595796128
276,Nanortalik,GL,60.14,-45.24,8.13,82,51,2.02,1595796144
277,Oussouye,SN,12.48,-16.55,29.0,83,40,3.1,1595796144
278,Conde,BR,-7.26,-34.91,26.0,74,20,5.1,1595796144
279,Phatthalung,TH,7.5,100.08,25.48,81,100,1.58,1595796144
280,Okakarara,NA,-20.58,17.43,10.93,44,0,2.99,1595796144
281,Arco,IT,45.92,10.89,22.78,67,1,1.14,1595796144
282,Repatriación,PY,-25.53,-55.95,17.23,64,100,1.48,1595796145
283,Bariloche,AR,-41.15,-71.31,1.38,88,59,3.27,1595796145
284,Berlevåg,NO,70.86,29.09,18.0,82,1,4.6,1595796145
285,Puerto Baquerizo Moreno,EC,-0.9,-89.6,24.0,60,20,7.2,1595796145
286,Balaka,MW,-14.98,34.96,14.69,69,50,1.94,1595796145
287,Shimoda,JP,34.67,138.95,21.67,94,98,0.89,1595796145
288,Trairi,BR,-3.28,-39.27,25.96,70,98,4.77,1595795775
289,Puerto Madryn,AR,-42.77,-65.04,6.69,76,100,2.93,1595796136
290,Avarua,CK,-21.21,-159.78,22.0,88,94,2.1,1595796146
291,Meulaboh,ID,4.14,96.13,24.21,89,100,2.16,1595795796
292,Padang,ID,-0.95,100.35,24.0,94,40,2.1,1595795768
293,Vallenar,CL,-28.57,-70.76,26.03,16,0,1.86,1595796146
294,Jalu,LY,29.03,21.55,27.91,45,0,6.87,1595796146
295,Riyadh,SA,24.69,46.72,35.0,28,16,1.0,1595795749
296,Hasaki,JP,35.73,140.83,24.0,94,75,2.1,1595795764
297,Chaihe,CN,44.77,129.7,16.88,91,0,0.69,1595796146
298,San Cristobal,VE,7.77,-72.22,33.0,43,20,4.1,1595795781
299,Lata,PT,40.16,-8.33,22.78,69,0,1.79,1595796146
300,Bibai,JP,43.32,141.86,17.78,100,75,3.6,1595796147
301,Sotnikovskoye,RU,45.0,43.78,23.56,45,24,5.03,1595796147
302,Arrondissement de Morlaix,FR,48.58,-4.0,17.22,77,75,3.1,1595796147
303,Sur,OM,22.57,59.53,31.03,61,92,5.17,1595796147
304,Emerald,AU,-23.53,148.17,9.44,63,40,0.45,1595796147
305,Benavente,ES,42.0,-5.68,24.0,41,0,0.5,1595796147
306,Namie,JP,37.48,141.0,22.78,98,100,1.56,1595796148
307,Deqing,CN,30.54,119.96,25.56,84,99,0.52,1595796148
308,Severo-Kuril'sk,RU,50.68,156.12,10.82,90,99,7.72,1595796148
309,Lavrentiya,RU,65.58,-171.0,16.13,61,92,7.35,1595796148
310,Ormara,PK,25.21,64.64,28.68,83,100,4.92,1595796148
311,Graneros,CL,-34.07,-70.73,10.0,57,90,2.1,1595796148
312,Lodja,CD,-3.48,23.43,23.84,43,0,0.5,1595796148
313,Bay-Khaak,RU,51.17,94.5,14.49,75,70,1.25,1595796148
314,Hambantota,LK,6.12,81.12,26.39,81,100,4.9,1595795781
315,Sakaraha,MG,-22.9,44.53,13.54,59,0,0.34,1595796149
316,Inuvik,CA,68.35,-133.72,20.0,60,75,3.6,1595796149
317,Marakkanam,IN,12.2,79.95,27.69,76,94,2.33,1595796149
318,São João da Barra,BR,-21.64,-41.05,25.0,69,75,7.2,1595795582
319,Talaya,RU,61.38,152.75,17.86,47,71,2.73,1595796149
320,Pringsewu,ID,-5.36,104.97,21.16,94,100,0.38,1595796149
321,Maun,BW,-19.98,23.42,15.0,41,0,2.6,1595796149
322,Westport,US,41.14,-73.36,34.44,46,1,5.7,1595795865
323,Prizren,XK,42.21,20.74,19.0,68,94,1.5,1595796149
324,Srednekolymsk,RU,67.45,153.68,22.45,58,78,9.18,1595796150
325,Philadelphia,US,39.95,-75.16,35.0,38,75,5.7,1595795932
326,Petropavlovsk-Kamchatskiy,RU,53.05,158.65,15.0,93,65,2.0,1595796150
327,Kathu,TH,7.92,98.33,28.89,94,40,1.0,1595796150
328,Samaná,DO,19.21,-69.34,31.0,74,75,3.1,1595796150
329,Fort Nelson,CA,58.81,-122.7,23.0,49,75,1.0,1595796063
330,Popondetta,PG,-8.75,148.25,22.5,91,63,1.09,1595796150
331,Gorin,RU,51.2,136.67,15.89,89,100,1.19,1595796150
332,Cravo Norte,CO,6.3,-70.2,27.21,76,67,2.52,1595796150
333,Mogwase,ZA,-25.18,27.27,11.14,42,0,3.64,1595796151
334,Longford,IE,53.73,-7.8,12.78,78,100,5.36,1595796151
335,Varna,BG,43.22,27.92,22.0,88,69,2.1,1595796151
336,Lohja,FI,60.25,24.07,16.11,59,90,3.58,1595796151
337,Udachny,RU,66.42,112.4,4.71,82,100,7.14,1595796151
338,Farap,TM,39.17,63.61,28.0,32,0,4.1,1595796152
339,Ixtapa,MX,20.7,-105.2,31.67,62,40,3.6,1595796152
340,Huai'an,CN,33.59,119.02,19.91,94,100,2.12,1595796152
341,Morón,AR,-34.65,-58.62,16.67,39,13,2.68,1595796152
342,Thompson,CA,55.74,-97.86,14.0,93,90,4.1,1595796152
343,Aiken,US,33.58,-81.6,33.89,62,40,3.6,1595796152
344,Kawalu,ID,-7.38,108.21,20.81,90,98,0.42,1595796152
345,Launceston,AU,-41.45,147.17,7.78,100,90,2.1,1595796152
346,Pangnirtung,CA,66.15,-65.71,9.0,87,75,6.7,1595796153
347,Werda,BW,-25.27,23.28,10.56,45,0,1.85,1595796153
348,Abdulino,RU,53.7,53.67,12.4,89,10,2.23,1595796153
349,Jacareacanga,BR,-6.22,-57.75,32.37,39,2,1.15,1595795789
350,Progreso,MX,21.28,-89.67,34.0,59,75,7.2,1595796153
351,Bocas del Toro,PA,9.33,-82.25,21.11,88,12,0.89,1595795859
352,Mampong,GH,7.06,-1.4,20.89,97,38,1.69,1595796153
353,Le Vauclin,MQ,14.55,-60.84,30.0,66,20,6.7,1595796154
354,Bubaque,GW,11.28,-15.83,26.3,83,100,4.35,1595796154
355,Saldanha,ZA,-33.01,17.94,11.0,76,0,3.6,1595795770
356,Mbuji-Mayi,CD,-6.15,23.6,22.82,28,0,1.19,1595796154
357,Zhanakorgan,KZ,43.91,67.25,25.42,31,0,2.98,1595796154
358,Ilhabela,BR,-23.78,-45.36,20.68,87,94,2.35,1595796154
359,Mogadishu,SO,2.04,45.34,24.97,84,11,8.27,1595796154
360,Oranjemund,NA,-28.55,16.43,14.22,79,0,7.9,1595795785
361,Hofn,IS,64.25,-15.21,9.47,70,100,6.37,1595796155
362,Chepareria,KE,1.31,35.2,14.88,85,7,1.12,1595796155
363,Nyūzen,JP,36.93,137.5,25.0,74,74,0.45,1595796155
364,Fairbanks,US,64.84,-147.72,18.33,82,90,2.63,1595795613
365,Tooele,US,40.53,-112.3,33.33,35,1,4.1,1595796155
366,Bukama,CD,-9.2,25.85,18.92,38,40,1.36,1595796155
367,Kahului,US,20.89,-156.47,27.0,78,90,8.2,1595795642
368,Batagay-Alyta,RU,67.8,130.41,14.95,52,97,2.12,1595795784
369,Palekastro,GR,35.2,26.25,27.22,48,0,3.58,1595796155
370,Biak,ID,-0.91,122.88,24.51,81,100,3.16,1595796155
371,Garhwa,IN,24.18,83.82,28.5,68,82,1.47,1595796156
372,Saint Anthony,US,45.02,-93.22,30.56,62,40,3.6,1595796156
373,Nhamundá,BR,-2.19,-56.71,31.36,51,36,1.47,1595796156
374,Ahipara,NZ,-35.17,173.17,10.24,73,0,2.29,1595796156
375,Coffs Harbour,AU,-30.3,153.13,13.0,71,66,5.7,1595796156
376,Talnakh,RU,69.49,88.4,7.0,93,84,8.0,1595796156
377,Zyryanovsk,KZ,49.74,84.27,11.88,87,42,0.46,1595796064
378,Da’an,CN,33.06,106.3,19.15,85,1,0.84,1595796156
379,City of San Pedro,PH,14.35,121.02,27.22,88,73,0.75,1595796157
380,Indramayu,ID,-6.33,108.32,23.47,79,55,3.34,1595796157
381,Aksay,RU,47.26,39.87,27.22,26,93,8.0,1595796157
382,Jieshi,CN,22.81,115.83,28.63,82,10,4.14,1595796157
383,Irtyshskiy,RU,58.33,68.13,11.58,86,6,2.28,1595796157
384,Koumac,NC,-20.57,164.28,21.49,79,0,1.18,1595796157
385,Santa Barbara,US,34.42,-119.7,32.22,72,40,4.6,1595795873
386,Mukhen,RU,48.1,136.1,19.61,91,93,1.23,1595796157
387,Les Cayes,HT,18.2,-73.75,30.36,68,62,3.07,1595796158
388,Talcahuano,CL,-36.72,-73.12,13.0,76,40,4.6,1595796158
389,Campbellton,CA,48.01,-66.67,24.43,70,77,2.31,1595796158
390,Boca do Acre,BR,-8.75,-67.4,31.87,41,3,1.46,1595796158
391,Yumen,CN,40.28,97.2,21.58,23,0,2.68,1595796158
392,Richards Bay,ZA,-28.78,32.04,19.04,74,35,5.06,1595796158
393,Sibu,MY,2.3,111.82,24.0,94,40,1.5,1595795885
394,Provo,US,40.23,-111.66,32.78,23,40,3.1,1595796158
395,Verkhnyaya Inta,RU,65.98,60.31,11.31,77,2,2.73,1595796159
396,Sioux Lookout,CA,50.1,-91.92,27.0,32,20,7.2,1595796159
397,Koutsouras,GR,35.03,25.95,27.22,48,0,3.58,1595796159
398,Kathmandu,NP,27.72,85.32,23.0,94,40,1.5,1595795934
399,Mayo,US,38.89,-76.51,35.0,41,20,4.1,1595796159
400,Arlit,NE,18.74,7.39,37.12,21,67,6.04,1595795794
401,Lusambo,CD,-4.97,23.45,23.3,32,10,0.56,1595796159
402,Manavālakurichi,IN,8.13,77.3,28.0,88,40,1.0,1595796159
403,Monsenhor Gil,BR,-5.56,-42.61,33.0,33,0,3.6,1595796159
404,Ziro,IN,27.63,93.83,15.61,100,98,0.22,1595796159
405,Tingo María,PE,-9.29,-76.01,24.59,77,35,1.22,1595796159
406,Huamantla,MX,19.32,-97.92,21.0,68,40,4.6,1595796160
407,Oistins,BB,13.07,-59.53,31.0,62,40,7.7,1595796160
408,Ban Tak,TH,17.04,99.08,24.87,87,100,1.29,1595796160
409,Bilma,NE,18.69,12.92,33.36,16,0,2.09,1595796160
410,Hay River,CA,60.82,-115.8,25.0,41,20,2.6,1595796160
411,Kholm,RU,59.27,32.85,13.1,94,0,1.59,1595796160
412,Tiarei,PF,-17.53,-149.33,29.0,70,20,7.2,1595796160
413,Snyder,US,32.72,-100.92,31.0,43,40,1.5,1595796160
414,Anadyr,RU,64.75,177.48,19.0,77,31,4.0,1595795795
415,Wakkanai,JP,45.41,141.67,16.65,85,5,2.39,1595796161
416,Pecos,US,31.42,-103.49,34.0,32,40,6.2,1595796161
417,Hagenow,DE,53.43,11.18,16.67,88,57,0.45,1595796161
418,Bethanien,NA,-26.5,17.16,14.67,34,0,3.62,1595796161
419,Yeppoon,AU,-23.13,150.73,11.0,81,0,2.98,1595796161
420,Luján,AR,-34.57,-59.1,16.11,44,11,1.34,1595796161
421,Estelle,US,29.85,-90.11,25.0,94,90,1.5,1595796161
422,Camaná,PE,-16.62,-72.71,17.46,66,12,2.41,1595795774
423,Rockhampton,AU,-23.38,150.5,11.0,81,4,1.69,1595796162
424,Prince Rupert,CA,54.32,-130.32,18.0,82,90,2.6,1595795937
425,Mineiros,BR,-17.57,-52.55,24.12,39,0,2.22,1595796162
426,Yangjiang,CN,21.85,111.97,27.29,89,69,3.19,1595795767
427,Longyearbyen,SJ,78.22,15.64,17.0,67,0,5.1,1595796082
428,Wilmington,US,34.23,-77.94,32.78,55,75,5.7,1595795497
429,Nhulunbuy,AU,-12.23,136.77,24.0,60,40,5.7,1595796162
430,Saint George,US,37.1,-113.58,38.33,11,1,2.6,1595796013
431,Cologne,DE,50.93,6.95,21.11,77,20,1.5,1595796162
432,Egvekinot,RU,66.32,-179.17,14.07,81,98,3.14,1595796162
433,Kushima,JP,31.46,131.23,24.0,88,75,1.0,1595796163
434,Cairns,AU,-16.92,145.77,15.0,87,0,0.5,1595796163
435,Ola,RU,59.58,151.28,13.37,84,24,1.62,1595796163
436,Gumdag,TM,39.21,54.59,33.9,32,0,3.65,1595796163
437,Manggar,ID,-2.88,108.27,26.9,79,92,6.72,1595796163
438,Najrān,SA,17.49,44.13,26.0,69,40,2.1,1595796163
439,Nyrob,RU,60.73,56.72,15.84,63,57,0.36,1595796163
440,Kurskaya,RU,44.05,44.45,22.78,64,2,4.35,1595796163
441,Porto-Novo,BJ,6.5,2.6,25.0,88,40,5.1,1595796163
442,Khani,GE,41.96,42.96,24.0,94,90,2.1,1595796164
443,Maniitsoq,GL,65.42,-52.9,8.98,84,54,1.88,1595796164
444,Lentekhi,GE,42.79,42.73,18.89,65,1,2.19,1595796164
445,Palana,RU,59.12,159.97,11.51,75,0,3.94,1595796164
446,Chino Valley,US,34.76,-112.45,33.89,19,40,1.5,1595796126
447,Ayan,RU,56.45,138.17,13.13,78,0,1.4,1595796164
448,Samarai,PG,-10.62,150.67,25.96,86,83,3.13,1595795763
449,Bacolod City,PH,10.67,122.95,25.61,83,11,0.92,1595796164
450,Arrondissement de Bastia,FR,42.67,9.33,23.33,83,0,0.5,1595795940
451,Kumluca,TR,36.37,30.29,27.29,62,0,0.87,1595796165
452,Evensk,RU,61.95,159.23,13.11,81,14,4.76,1595796165
453,Murgab,TM,37.5,61.97,29.0,37,0,6.41,1595796165
454,Key West,US,24.56,-81.78,32.0,74,40,5.1,1595796152
455,Palu,ID,-0.89,119.87,23.38,79,72,1.3,1595796165
456,Kalmar,SE,56.66,16.36,17.22,93,100,2.6,1595795881
457,Kilindoni,TZ,-7.91,39.67,24.89,76,66,9.09,1595796165
458,Varkala,IN,8.73,76.71,28.0,88,40,1.0,1595796166
459,Klyuchi,RU,52.27,79.17,17.86,57,50,0.88,1595796166
460,Yartsevo,RU,55.07,32.7,15.59,94,100,1.3,1595796166
461,Belém de São Francisco,BR,-8.75,-38.97,26.42,37,47,8.4,1595796166
462,Caraballeda,VE,10.61,-66.85,25.56,83,95,3.93,1595796166
463,Tigbao,PH,12.55,123.34,27.34,81,42,2.15,1595796166
464,Rinconada,MX,19.35,-96.52,34.0,56,75,3.1,1595796166
465,Zacatepec,MX,18.65,-99.2,30.0,61,75,3.6,1595796166
466,Łańcut,PL,50.07,22.23,21.0,83,98,0.5,1595796167
467,Bouaflé,CI,6.99,-5.74,25.0,94,75,1.83,1595796167
468,Māngrol,IN,21.12,70.12,28.32,82,1,4.17,1595796167
469,Abu Samrah,SY,35.3,37.18,25.21,38,0,1.6,1595795798
470,Ranong,TH,9.97,98.63,26.35,78,64,0.96,1595796004
471,Road Town,VG,18.42,-64.62,32.0,70,40,6.2,1595796167
472,Matamoros,MX,25.53,-103.25,32.0,35,75,6.2,1595796167
473,Salalah,OM,17.02,54.09,26.0,94,75,1.0,1595796167
474,Shīeli,KZ,44.17,66.75,23.98,31,0,3.33,1595796167
475,Praia da Vitória,PT,38.73,-27.07,27.0,69,20,2.51,1595796167
476,Rocha,UY,-34.48,-54.33,9.11,87,100,3.13,1595796146
477,Sinnamary,GF,5.38,-52.95,27.56,79,11,3.86,1595796168
478,Winnemucca,US,40.97,-117.74,36.0,11,1,3.1,1595796168
479,Dunedin,NZ,-45.87,170.5,7.22,77,0,0.45,1595796168
480,Mount Gambier,AU,-37.83,140.77,8.93,85,19,4.34,1595796168
481,Ca Mau,VN,9.18,105.15,25.75,86,66,0.35,1595796005
482,Meadow Lake,US,34.8,-106.54,29.44,39,40,7.7,1595796168
483,Drumnadrochit,GB,57.33,-4.48,12.22,71,16,5.1,1595796168
484,Naze,JP,28.37,129.48,28.0,88,75,3.6,1595795782
485,Taltal,CL,-25.4,-70.48,16.93,57,22,0.75,1595796169
486,Kalmunai,LK,7.42,81.82,26.77,82,100,4.02,1595795794
487,Anito,PH,12.45,125.29,25.69,86,54,0.81,1595796169
488,Taicheng,CN,38.73,113.23,15.55,91,59,1.43,1595796169
489,Edson,CA,53.58,-116.44,23.0,31,1,3.1,1595796169
490,Saint-Leu,RE,-21.15,55.28,19.0,77,63,2.6,1595796169
491,Katherine,AU,-14.47,132.27,13.0,50,0,3.6,1595796169
492,Turukhansk,RU,65.82,87.98,10.1,74,94,4.05,1595796169
493,Soyo,AO,-6.13,12.37,22.6,83,0,3.58,1595796170
494,Vacaville,US,38.36,-121.99,36.11,29,1,3.1,1595795965
495,Kamenka,RU,51.32,42.77,17.22,56,0,1.79,1595796170
496,Cockburn Town,TC,21.46,-71.14,28.38,80,0,6.75,1595795774
497,Kibaya,TZ,-5.3,36.57,13.02,89,8,2.55,1595796170
498,Mossamedes,AO,-15.2,12.15,19.23,85,6,2.96,1595796170
499,Houma,US,29.6,-90.72,25.0,80,100,3.13,1595796170
500,Eyl,SO,7.98,49.82,26.72,65,9,6.5,1595796171
501,Hearst,CA,49.68,-83.67,33.86,34,8,3.28,1595796171
502,Tevaitoa,PF,-16.78,-151.5,26.41,80,32,7.67,1595796171
503,Aborlan,PH,9.44,118.55,25.99,77,98,1.46,1595796171
504,Sistranda,NO,63.73,8.83,18.89,72,75,6.2,1595795774
505,Deputatsky,RU,69.3,139.9,12.96,76,24,2.09,1595796171
506,San Patricio,MX,19.22,-104.7,32.0,75,40,5.1,1595795789
507,Baní,DO,18.28,-70.33,31.67,86,26,6.45,1595795930
508,Ust'-Charyshskaya Pristan',RU,52.39,83.66,13.23,90,0,3.1,1595796171
509,Belawan,ID,3.78,98.68,25.0,94,40,1.5,1595796171
510,Viedma,AR,-40.81,-63.0,10.56,83,79,4.99,1595796172
511,Tuatapere,NZ,-46.13,167.68,3.89,83,1,1.34,1595796172
512,Miraflores,MX,19.22,-98.81,21.0,55,90,5.1,1595796172
513,Buraidah,SA,26.33,43.98,38.0,29,0,4.1,1595796172
514,Kamakwie,SL,9.5,-12.23,21.76,97,97,1.93,1595796172
515,Llanes,ES,43.42,-4.75,22.22,91,4,1.34,1595796172
516,Angoram,PG,-4.06,144.07,23.41,98,98,1.29,1595796172
517,Ţahţā,EG,26.77,31.5,31.0,27,0,2.6,1595795768
518,Luba,GQ,3.46,8.55,24.0,100,40,2.77,1595796172
519,Guajará,BR,-2.97,-57.67,32.44,44,91,0.76,1595796172
520,Nouakchott,MR,18.09,-15.98,26.0,78,20,4.6,1595795769
521,La Peca,PE,-5.61,-78.44,23.97,71,63,1.72,1595796173
522,Upata,VE,8.01,-62.4,31.11,70,100,1.79,1595796173
523,Te Anau,NZ,-45.42,167.72,2.06,85,25,0.36,1595796173
524,Cabedelo,BR,-6.98,-34.83,26.0,74,20,5.1,1595796173
525,Repalle,IN,16.02,80.85,29.35,72,54,1.46,1595796173
526,Dawson Creek,CA,55.77,-120.24,24.0,50,1,8.2,1595796173
527,Mazamari,PE,-11.33,-74.53,27.07,57,51,0.38,1595796173
528,Yar-Sale,RU,66.83,70.83,8.19,81,19,3.86,1595795769
529,Bulnes,CL,-36.74,-72.3,12.78,100,90,3.1,1595796173
530,San Jose,US,37.34,-121.89,28.89,44,1,2.6,1595796082
531,Dalbandin,PK,28.89,64.41,28.1,54,67,4.1,1595796174
532,Zyryanskoye,RU,56.83,86.63,10.12,92,14,2.34,1595796174
533,Wollongong,AU,-34.43,150.88,16.67,98,100,3.58,1595796174
534,Sittwe,MM,20.15,92.9,28.04,84,100,2.55,1595796174
535,Iqaluit,CA,63.75,-68.51,12.0,76,40,2.6,1595795463
536,Qiyang,CN,26.59,111.85,25.49,91,92,0.22,1595796174
537,Arman',RU,59.7,150.17,14.57,76,92,0.87,1595796174
538,French Harbor,HN,16.35,-86.43,29.4,77,96,12.65,1595796174
539,Myitkyina,MM,25.38,97.4,24.11,96,100,0.8,1595796175
540,Yulara,AU,-25.24,130.99,4.0,69,0,0.5,1595796175
541,Pemangkat,ID,1.17,108.97,24.25,89,48,2.05,1595796175
542,Mackay,AU,-21.15,149.2,13.33,68,0,4.17,1595796175
543,Gerāsh,IR,27.67,54.14,29.0,54,40,9.3,1595796175
544,Lakefield,US,43.68,-95.17,27.22,74,40,2.6,1595796160
545,Necochea,AR,-38.55,-58.74,10.56,71,100,1.79,1595796175
546,Faya,SA,18.39,42.45,20.0,82,40,4.1,1595795798
547,Carutapera,BR,-1.2,-46.02,25.32,88,9,3.11,1595795771
548,Itumba,TZ,-9.4,33.18,12.75,91,32,2.43,1595796175
549,Amapá,BR,1.0,-52.0,25.71,92,64,0.73,1595796176
550,Bako,ET,5.78,36.57,16.41,87,100,0.63,1595796176
551,Hualmay,PE,-11.1,-77.61,18.51,69,9,4.25,1595796176
552,São Filipe,CV,14.9,-24.5,24.68,85,95,3.12,1595796176
553,Chumikan,RU,54.72,135.31,11.65,90,37,0.91,1595796176
554,Zambrów,PL,52.99,22.24,17.51,77,1,2.58,1595796176
555,Gisborne,NZ,-38.65,178.0,3.89,84,4,3.13,1595795774
556,Namatanai,PG,-3.67,152.43,26.92,79,100,1.74,1595796176
557,Churapcha,RU,62.0,132.43,16.3,67,29,2.2,1595796177
558,Wāngjing,IN,24.6,94.03,22.17,93,99,0.32,1595796177
559,Wanaraja,ID,-7.17,107.98,17.84,88,78,1.48,1595796177
560,Wuxue,CN,29.85,115.55,23.79,93,100,1.57,1595796177
561,Homer,US,59.64,-151.55,13.0,82,75,5.7,1595796177
562,Monrovia,LR,6.3,-10.8,24.74,78,82,5.32,1595796177
563,Siderno,IT,38.28,16.3,27.0,83,20,1.5,1595796177
564,Cooma,AU,-36.23,149.13,7.0,100,90,8.7,1595796177
565,Batagay,RU,67.63,134.63,17.89,49,51,5.77,1595796177
566,Araouane,ML,18.9,-3.53,36.91,29,66,2.42,1595796177
567,Bua Yai,TH,15.59,102.43,26.87,74,100,3.14,1595796178
568,Donskoye,RU,45.46,41.97,23.0,40,5,6.0,1595796178
569,Sorsk,RU,54.0,90.25,12.73,88,100,8.84,1595796178
570,Hammerfest,NO,70.66,23.68,19.0,59,15,9.8,1595796178
